;Tweet;sentimen;step01;tokens;final_tokens;step02;ProcessedText
0;@radenrauf Iya berasa bgt patah hatinya kakğŸ˜¢;0;user iya berasa bgt patah hatinya kak;['user', 'iya', 'berasa', 'bgt', 'patah', 'hatinya', 'kak'];['user', 'iya', 'berasa', 'banget', 'patah', 'hatinya', 'kak'];user iya berasa banget patah hatinya kak;user iya asa banget patah hati kak
1;@radenrauf Makasih yaa semua nyaa ,, senanggg sekalii akuu ğŸ–¤ğŸ–¤;0;user makasih yaa semua nyaa senanggg sekalii akuu;['user', 'makasih', 'yaa', 'semua', 'nyaa', 'senanggg', 'sekalii', 'akuu'];['user', 'makasih', 'iya', 'semua', 'nyaa', 'senanggg', 'sekalii', 'akuu'];user makasih iya semua nyaa senanggg sekalii akuu;user makasih iya semua nyaa senanggg sekali akuu
2;@radenrauf Oktober yang berantakan !;0;user oktober yang berantakan;['user', 'oktober', 'yang', 'berantakan'];['user', 'oktober', 'yang', 'berantakan'];user oktober yang berantakan;user oktober beranta
3;"@radenrauf parkiran?

https://t.co/38fjT8917I https://t.co/T2eB2DyWmr";0;user parkiran co38fjt8917i cot2eb2dywmr;['user', 'parkiran', 'co38fjt8917i', 'cot2eb2dywmr'];['user', 'parkiran', 'co38fjt8917i', 'cot2eb2dywmr'];user parkiran co38fjt8917i cot2eb2dywmr;user parkir co38fjt8917i cot2eb2dywmr
4;@radenrauf Parkiran ğŸ¤ª;0;user parkiran;['user', 'parkiran'];['user', 'parkiran'];user parkiran;user parkir
5;@radenrauf Terima kasih Oktober... Selalu semangat untuk menyebarkan lamaran kerja dan flyer les bahasa Inggris ku ğŸ™ https://t.co/xjAuA82SrF;0;user terima kasih oktober selalu semangat untuk menyebarkan lamaran kerja dan flyer les bahasa inggris ku coxjaua82srf;['user', 'terima', 'kasih', 'oktober', 'selalu', 'semangat', 'untuk', 'menyebarkan', 'lamaran', 'kerja', 'dan', 'flyer', 'les', 'bahasa', 'inggris', 'ku', 'coxjaua82srf'];['user', 'terima', 'kasih', 'oktober', 'selalu', 'semangat', 'untuk', 'menyebarkan', 'lamaran', 'kerja', 'dan', 'flyer', 'les', 'bahasa', 'inggris', 'ku', 'coxjaua82srf'];user terima kasih oktober selalu semangat untuk menyebarkan lamaran kerja dan flyer les bahasa inggris ku coxjaua82srf;user terima kasih oktober selalu semangat sebar lamar kerja flyer les bahasa inggris ku coxjaua82srf
6;RT @radenrauf: Tebak Lokasi https://t.co/3sRj9DLr9l;0;rt user tebak lokasi co3srj9dlr9l;['rt', 'user', 'tebak', 'lokasi', 'co3srj9dlr9l'];['rt', 'user', 'tebak', 'lokasi', 'co3srj9dlr9l'];rt user tebak lokasi co3srj9dlr9l;rt user tebak lokasi co3srj9dlr9l
7;@radenrauf bojong sari;0;user bojong sari;['user', 'bojong', 'sari'];['user', 'bojong', 'sari'];user bojong sari;user bojong sari
8;@radenrauf yang akhir bulan malah sakit, cung;0;user yang akhir bulan malah sakit cung;['user', 'yang', 'akhir', 'bulan', 'malah', 'sakit', 'cung'];['user', 'yang', 'akhir', 'bulan', 'malah', 'sakit', 'cung'];user yang akhir bulan malah sakit cung;user akhir bulan malah sakit cung
9;RT @cip833: @radenrauf Badai hujan angin puting beliungnya dapet semua di oktober ğŸ˜Œ;0;rt user user badai hujan angin puting beliungnya dapet semua di oktober;['rt', 'user', 'user', 'badai', 'hujan', 'angin', 'puting', 'beliungnya', 'dapet', 'semua', 'di', 'oktober'];['rt', 'user', 'user', 'badai', 'hujan', 'angin', 'puting', 'beliungnya', 'mendapat', 'semua', 'di', 'oktober'];rt user user badai hujan angin puting beliungnya mendapat semua di oktober;rt user user badai hujan angin puting beliung dapat semua oktober
10;@radenrauf Ngapain? Makan bakso?;0;user ngapain makan bakso;['user', 'ngapain', 'makan', 'bakso'];['user', 'ngapain', 'makan', 'bakso'];user ngapain makan bakso;user ngapain makan bakso
11;@radenrauf Oktober yg indah buatkuâœ¨;0;user oktober yg indah buatku;['user', 'oktober', 'yg', 'indah', 'buatku'];['user', 'oktober', 'yang', 'indah', 'buatku'];user oktober yang indah buatku;user oktober indah buat
12;@radenrauf Terima kasih Oktober, walaupun warna nya kebanyakan hitamnya;0;user terima kasih oktober walaupun warna nya kebanyakan hitamnya;['user', 'terima', 'kasih', 'oktober', 'walaupun', 'warna', 'nya', 'kebanyakan', 'hitamnya'];['user', 'terima', 'kasih', 'oktober', 'walaupun', 'warna', 'nya', 'kebanyakan', 'hitamnya'];user terima kasih oktober walaupun warna nya kebanyakan hitamnya;user terima kasih oktober walaupun warna nya banyak hitam
13;@radenrauf Fix parkiran mobil.;0;user fix parkiran mobil;['user', 'fix', 'parkiran', 'mobil'];['user', 'pasti', 'parkiran', 'mobil'];user pasti parkiran mobil;user parkir mobil
14;@radenrauf oktober becandanya kelewatan ya..;0;user oktober becandanya kelewatan ya;['user', 'oktober', 'becandanya', 'kelewatan', 'ya'];['user', 'oktober', 'becandanya', 'kelewatan', 'iya'];user oktober becandanya kelewatan iya;user oktober becandanya lewat iya
15;@radenrauf bsd tangerang;0;user bsd tangerang;['user', 'bsd', 'tangerang'];['user', 'bsd', 'tangerang'];user bsd tangerang;user bsd tangerang
16;@radenrauf Benar banget.Healing gak perlu ke tempat yg jauh2 tapi cukup sekadar istirehat dirumah aja..yg penting kâ€¦ https://t.co/Iz8jbL2m6R;0;user benar banget healing gak perlu ke tempat yg jauh2 tapi cukup sekadar istirehat dirumah aja yg penting coiz8jbl2m6r;['user', 'benar', 'banget', 'healing', 'gak', 'perlu', 'ke', 'tempat', 'yg', 'jauh2', 'tapi', 'cukup', 'sekadar', 'istirehat', 'dirumah', 'aja', 'yg', 'penting', 'coiz8jbl2m6r'];['user', 'benar', 'banget', 'healing', 'tidak', 'perlu', 'ke', 'tempat', 'yang', 'jauh2', 'tapi', 'cukup', 'sekadar', 'istirehat', 'dirumah', 'saja', 'yang', 'penting', 'coiz8jbl2m6r'];user benar banget healing tidak perlu ke tempat yang jauh2 tapi cukup sekadar istirehat dirumah saja yang penting coiz8jbl2m6r;user benar banget healing perlu tempat jauh2 cukup sekadar istirehat rumah yang penting coiz8jbl2m6r
17;"@radenrauf Banyak hal baik di Oktober. Thnk uâ¤
https://t.co/fA5X7cCPtO";0;user banyak hal baik di oktober thnk cofa5x7ccpto;['user', 'banyak', 'hal', 'baik', 'di', 'oktober', 'thnk', 'cofa5x7ccpto'];['user', 'banyak', 'hal', 'baik', 'di', 'oktober', 'thnk', 'cofa5x7ccpto'];user banyak hal baik di oktober thnk cofa5x7ccpto;user banyak baik oktober thnk cofa5x7ccpto
18;@radenrauf pinggir jalan;0;user pinggir jalan;['user', 'pinggir', 'jalan'];['user', 'pinggir', 'jalan'];user pinggir jalan;user pinggir jalan
19;@radenrauf gak perlu jauh, yang penting bisa rehat tanpa rasa khawatir aja udah cukup;0;user gak perlu jauh yang penting bisa rehat tanpa rasa khawatir aja udah cukup;['user', 'gak', 'perlu', 'jauh', 'yang', 'penting', 'bisa', 'rehat', 'tanpa', 'rasa', 'khawatir', 'aja', 'udah', 'cukup'];['user', 'tidak', 'perlu', 'jauh', 'yang', 'penting', 'bisa', 'rehat', 'tanpa', 'rasa', 'khawatir', 'saja', 'sudah', 'cukup'];user tidak perlu jauh yang penting bisa rehat tanpa rasa khawatir saja sudah cukup;user perlu jauh penting rehat rasa khawatir sudah cukup
20;@itpeso @radenrauf Selamat ulang tahun sep,semoga panjang umur dan selalu diberikan kesehatan,aamiin ğŸ¤²ğŸ»;0;user user selamat ulang tahun sep semoga panjang umur dan selalu diberikan kesehatan aamiin;['user', 'user', 'selamat', 'ulang', 'tahun', 'sep', 'semoga', 'panjang', 'umur', 'dan', 'selalu', 'diberikan', 'kesehatan', 'aamiin'];['user', 'user', 'selamat', 'ulang', 'tahun', 'sep', 'semoga', 'panjang', 'umur', 'dan', 'selalu', 'diberikan', 'kesehatan', 'semoga'];user user selamat ulang tahun sep semoga panjang umur dan selalu diberikan kesehatan semoga;user user selamat ulang tahun sep moga panjang umur selalu beri sehat moga
21;@zidnylthfa @radenrauf Mau dong xixi;0;user user mau dong xixi;['user', 'user', 'mau', 'dong', 'xixi'];['user', 'user', 'mau', 'dong', 'xixi'];user user mau dong xixi;user user mau dong xixi
22;"@itpeso @radenrauf Selamat ulang tahun kak
Tanggal lahir kita sama, tahun aja yang beda";0;user user selamat ulang tahun kak tanggal lahir kita sama tahun aja yang beda;['user', 'user', 'selamat', 'ulang', 'tahun', 'kak', 'tanggal', 'lahir', 'kita', 'sama', 'tahun', 'aja', 'yang', 'beda'];['user', 'user', 'selamat', 'ulang', 'tahun', 'kak', 'tanggal', 'lahir', 'kita', 'sama', 'tahun', 'saja', 'yang', 'beda'];user user selamat ulang tahun kak tanggal lahir kita sama tahun saja yang beda;user user selamat ulang tahun kak tanggal lahir sama tahun yang beda
23;@radenrauf @AmandaViaayy Udh ga kaget lagi hari senin, soalnya pengangguran wkwk;0;user user udh ga kaget lagi hari senin soalnya pengangguran wkwk;['user', 'user', 'udh', 'ga', 'kaget', 'lagi', 'hari', 'senin', 'soalnya', 'pengangguran', 'wkwk'];['user', 'user', 'sudah', 'tidak', 'kaget', 'lagi', 'hari', 'senin', 'soalnya', 'pengangguran', 'wkwk'];user user sudah tidak kaget lagi hari senin soalnya pengangguran wkwk;user user tidak kaget hari senin soal anggur wkwk
24;@radenrauf Gak kerasa apa-apa;0;user gak kerasa apa apa;['user', 'gak', 'kerasa', 'apa', 'apa'];['user', 'tidak', 'kerasa', 'apa', 'apa'];user tidak kerasa apa apa;user rasa apa apa
25;RT @tapiachaa: @radenrauf byee oktober plis november kalo gabisa baik jangan jadi jahat kek dia :);0;rt user user byee oktober plis november kalo gabisa baik jangan jadi jahat kek dia happy;['rt', 'user', 'user', 'byee', 'oktober', 'plis', 'november', 'kalo', 'gabisa', 'baik', 'jangan', 'jadi', 'jahat', 'kek', 'dia', 'happy'];['rt', 'user', 'user', 'byee', 'oktober', 'mohon', 'november', 'kalau', 'gabisa', 'baik', 'jangan', 'jadi', 'jahat', 'kayak', 'dia', 'happy'];rt user user byee oktober mohon november kalau gabisa baik jangan jadi jahat kayak dia happy;rt user user byee oktober mohon november kalau gabisa baik jangan jadi jahat kayak happy
26;@radenrauf Parkiran mobil;0;user parkiran mobil;['user', 'parkiran', 'mobil'];['user', 'parkiran', 'mobil'];user parkiran mobil;user parkir mobil
27;badjingane bgt loe oktober https://t.co/Ylo6aS7XFl;0;badjingane bgt loe oktober coylo6as7xfl;['badjingane', 'bgt', 'loe', 'oktober', 'coylo6as7xfl'];['badjingane', 'banget', 'loe', 'oktober', 'coylo6as7xfl'];badjingane banget loe oktober coylo6as7xfl;badjingane banget loe oktober coylo6as7xfl
28;RT @sweat1308: @radenrauf Kesayangam ku https://t.co/IkfNLiks6d;0;rt user user kesayangam ku coikfnliks6d;['rt', 'user', 'user', 'kesayangam', 'ku', 'coikfnliks6d'];['rt', 'user', 'user', 'kesayangam', 'ku', 'coikfnliks6d'];rt user user kesayangam ku coikfnliks6d;rt user user kesayangam ku coikfnliks6d
29;@radenrauf Ini om https://t.co/LQwJVnxYij;0;user ini om colqwjvnxyij;['user', 'ini', 'om', 'colqwjvnxyij'];['user', 'ini', 'om', 'colqwjvnxyij'];user ini om colqwjvnxyij;user om colqwjvnxyij
30;@radenrauf Ga bljar hanya main di sekolah hari yg indh bngt trs main ama crush;1;user ga bljar hanya main di sekolah hari yg indh bngt trs main ama crush;['user', 'ga', 'bljar', 'hanya', 'main', 'di', 'sekolah', 'hari', 'yg', 'indh', 'bngt', 'trs', 'main', 'ama', 'crush'];['user', 'tidak', 'belajar', 'hanya', 'main', 'di', 'sekolah', 'hari', 'yang', 'indh', 'bngt', 'terus', 'main', 'sama', 'crush'];user tidak belajar hanya main di sekolah hari yang indh bngt terus main sama crush;user ajar main sekolah hari indh bngt terus main sama crush
31;@radenrauf hari hari tertentu di bulan oktober jadi octrouble but fun walaupun ga selalu fun! h-60 to 2023 aaa not ready yet:(;1;user hari hari tertentu di bulan oktober jadi octrouble but fun walaupun ga selalu fun number to number aaa not ready yet sad;['user', 'hari', 'hari', 'tertentu', 'di', 'bulan', 'oktober', 'jadi', 'octrouble', 'but', 'fun', 'walaupun', 'ga', 'selalu', 'fun', 'number', 'to', 'number', 'aaa', 'not', 'ready', 'yet', 'sad'];['user', 'hari', 'hari', 'tertentu', 'di', 'bulan', 'oktober', 'jadi', 'octrouble', 'but', 'fun', 'walaupun', 'tidak', 'selalu', 'fun', 'number', 'to', 'number', 'aaa', 'not', 'ready', 'yet', 'sad'];user hari hari tertentu di bulan oktober jadi octrouble but fun walaupun tidak selalu fun number to number aaa not ready yet sad;user hari hari tentu bulan oktober jadi octrouble but fun walaupun selalu fun number to number aaa not ready yet sad
32;@radenrauf iyh berasa banget;0;user iyh berasa banget;['user', 'iyh', 'berasa', 'banget'];['user', 'iyh', 'berasa', 'banget'];user iyh berasa banget;user iyh asa banget
33;"@radenrauf Senin datang, dan kontrakan masih ready nih... Yang minat DM aja yaaa ğŸ¤—
Area Kebagusan, Pasar Minggu. Biâ€¦ https://t.co/xMObcuWlgT";1;user senin datang dan kontrakan masih ready nih yang minat dm aja yaaa area kebagusan pasar minggu bi coxmobcuwlgt;['user', 'senin', 'datang', 'dan', 'kontrakan', 'masih', 'ready', 'nih', 'yang', 'minat', 'dm', 'aja', 'yaaa', 'area', 'kebagusan', 'pasar', 'minggu', 'bi', 'coxmobcuwlgt'];['user', 'senin', 'datang', 'dan', 'kontrakan', 'masih', 'ready', 'ini', 'yang', 'minat', 'dm', 'saja', 'yaaa', 'area', 'kebagusan', 'pasar', 'minggu', 'bi', 'coxmobcuwlgt'];user senin datang dan kontrakan masih ready ini yang minat dm saja yaaa area kebagusan pasar minggu bi coxmobcuwlgt;user senin datang kontra ready yang minat dm yaaa area bagus pasar minggu bi coxmobcuwlgt
34;RT @Trio8996: @radenrauf Dunia memang tak adil, makanya tuhan menjanjikan akherat;0;rt user user dunia memang tak adil makanya tuhan menjanjikan akherat;['rt', 'user', 'user', 'dunia', 'memang', 'tak', 'adil', 'makanya', 'tuhan', 'menjanjikan', 'akherat'];['rt', 'user', 'user', 'dunia', 'memang', 'tak', 'adil', 'makanya', 'tuhan', 'menjanjikan', 'akherat'];rt user user dunia memang tak adil makanya tuhan menjanjikan akherat;rt user user dunia memang tak adil makanya tuhan janji akherat
35;@radenrauf ğŸ…udah mulai nampak akhir tahun;0;user udah mulai nampak akhir tahun;['user', 'udah', 'mulai', 'nampak', 'akhir', 'tahun'];['user', 'sudah', 'mulai', 'nampak', 'akhir', 'tahun'];user sudah mulai nampak akhir tahun;user mulai nampak akhir tahun
36;@radenrauf BESOK GAJIAN;0;user besok gajian;['user', 'besok', 'gajian'];['user', 'besok', 'gajian'];user besok gajian;user besok gaji
37;@radenrauf sejauh ini Oktober yg campur aduk sih, gilaa seruuuu tapi capee, but dibulan ini byk bgt kenangannya, byâ€¦ https://t.co/ygCNlj6rDk;0;user sejauh ini oktober yg campur aduk sih gilaa seruuuu tapi capee but dibulan ini byk bgt kenangannya by coygcnlj6rdk;['user', 'sejauh', 'ini', 'oktober', 'yg', 'campur', 'aduk', 'sih', 'gilaa', 'seruuuu', 'tapi', 'capee', 'but', 'dibulan', 'ini', 'byk', 'bgt', 'kenangannya', 'by', 'coygcnlj6rdk'];['user', 'sejauh', 'ini', 'oktober', 'yang', 'campur', 'aduk', 'sih', 'gilaa', 'seruuuu', 'tapi', 'capee', 'but', 'dibulan', 'ini', 'banyak', 'banget', 'kenangannya', 'by', 'coygcnlj6rdk'];user sejauh ini oktober yang campur aduk sih gilaa seruuuu tapi capee but dibulan ini banyak banget kenangannya by coygcnlj6rdk;user jauh oktober campur aduk sih gilaa seruuuu capee but bulan banyak banget kenang by coygcnlj6rdk
38;@radenrauf Walaupun warnanya dark semua;-1;user walaupun warnanya dark semua;['user', 'walaupun', 'warnanya', 'dark', 'semua'];['user', 'walaupun', 'warnanya', 'dark', 'semua'];user walaupun warnanya dark semua;user walaupun warna dark semua
39;Warna warni apanya orang kelabu gini https://t.co/GC055bgybA;0;warna warni apanya orang kelabu gini cogc055bgyba;['warna', 'warni', 'apanya', 'orang', 'kelabu', 'gini', 'cogc055bgyba'];['warna', 'warni', 'apanya', 'orang', 'kelabu', 'gini', 'cogc055bgyba'];warna warni apanya orang kelabu gini cogc055bgyba;warna warni apa orang kelabu gin cogc055bgyba
40;@radenrauf Ini isi kepala atau pasar sii?! Kok ramaii sekalii;0;user ini isi kepala atau pasar sii kok ramaii sekalii;['user', 'ini', 'isi', 'kepala', 'atau', 'pasar', 'sii', 'kok', 'ramaii', 'sekalii'];['user', 'ini', 'isi', 'kepala', 'atau', 'pasar', 'sih', 'kok', 'ramaii', 'sekalii'];user ini isi kepala atau pasar sih kok ramaii sekalii;user isi kepala pasar sih kok ramai sekali
41;Oktroubel. Masalah datang keroyokanğŸ™ƒ https://t.co/uiMhMjztAx;0;oktroubel masalah datang keroyokan couimhmjztax;['oktroubel', 'masalah', 'datang', 'keroyokan', 'couimhmjztax'];['oktroubel', 'masalah', 'datang', 'keroyokan', 'couimhmjztax'];oktroubel masalah datang keroyokan couimhmjztax;oktroubel masalah datang keroyokan couimhmjztax
42;"@radenrauf Belinya disini yaa bestiee â¤µï¸ğŸ˜™
https://t.co/MswDcwHiTs";0;user belinya disini yaa bestiee comswdcwhits;['user', 'belinya', 'disini', 'yaa', 'bestiee', 'comswdcwhits'];['user', 'belinya', 'disini', 'iya', 'bestiee', 'comswdcwhits'];user belinya disini iya bestiee comswdcwhits;user beli sini iya bestiee comswdcwhits
43;@radenrauf Berasa capenya;0;user berasa capenya;['user', 'berasa', 'capenya'];['user', 'berasa', 'capenya'];user berasa capenya;user asa cape
44;"@radenrauf Thx u octoberrrğŸ¤

Btw ,nitip sendal yg superrrr kiyowooo ğŸ¥³ğŸ¤© https://t.co/PysHC12nk1";0;user thx octoberrr btw nitip sendal yg superrrr kiyowooo copyshc12nk1;['user', 'thx', 'octoberrr', 'btw', 'nitip', 'sendal', 'yg', 'superrrr', 'kiyowooo', 'copyshc12nk1'];['user', 'terimakasih', 'octoberrr', 'eh', 'nitip', 'sendal', 'yang', 'superrrr', 'kiyowooo', 'copyshc12nk1'];user terimakasih octoberrr eh nitip sendal yang superrrr kiyowooo copyshc12nk1;user terimakasih octoberrr eh nitip sendal superrrr kiyowooo copyshc12nk1
45;@radenrauf Badai hujan angin puting beliungnya dapet semua di oktober ğŸ˜Œ;0;user badai hujan angin puting beliungnya dapet semua di oktober;['user', 'badai', 'hujan', 'angin', 'puting', 'beliungnya', 'dapet', 'semua', 'di', 'oktober'];['user', 'badai', 'hujan', 'angin', 'puting', 'beliungnya', 'mendapat', 'semua', 'di', 'oktober'];user badai hujan angin puting beliungnya mendapat semua di oktober;user badai hujan angin puting beliung dapat semua oktober
46;@radenrauf Disaat ini hanya butuh sabar dan sadar;0;user disaat ini hanya butuh sabar dan sadar;['user', 'disaat', 'ini', 'hanya', 'butuh', 'sabar', 'dan', 'sadar'];['user', 'disaat', 'ini', 'hanya', 'butuh', 'sabar', 'dan', 'sadar'];user disaat ini hanya butuh sabar dan sadar;user saat hanya butuh sabar sadar
47;@radenrauf Oktoberat :);0;user oktoberat happy;['user', 'oktoberat', 'happy'];['user', 'oktoberat', 'happy'];user oktoberat happy;user oktoberat happy
48;@radenrauf oktober ku suram;0;user oktober ku suram;['user', 'oktober', 'ku', 'suram'];['user', 'oktober', 'ku', 'suram'];user oktober ku suram;user oktober ku suram
49;@radenrauf Item sm abu aja bang;0;user item sm abu aja bang;['user', 'item', 'sm', 'abu', 'aja', 'bang'];['user', 'item', 'sama', 'abu', 'saja', 'bang'];user item sama abu saja bang;user item sama abu bang
50;"valid, Oktober ku full senyum
9/10 buat Oktober https://t.co/3Abr6ezzmi";1;valid oktober ku full senyum number number buat oktober co3abr6ezzmi;['valid', 'oktober', 'ku', 'full', 'senyum', 'number', 'number', 'buat', 'oktober', 'co3abr6ezzmi'];['valid', 'oktober', 'ku', 'penuh', 'senyum', 'number', 'number', 'buat', 'oktober', 'co3abr6ezzmi'];valid oktober ku penuh senyum number number buat oktober co3abr6ezzmi;valid oktober ku penuh senyum number number buat oktober co3abr6ezzmi
51;@radenrauf terimakasih oktrouble atas kejutanÂ² yg lewat;0;user terimakasih oktrouble atas kejutan yg lewat;['user', 'terimakasih', 'oktrouble', 'atas', 'kejutan', 'yg', 'lewat'];['user', 'terimakasih', 'oktrouble', 'atas', 'kejutan', 'yang', 'lewat'];user terimakasih oktrouble atas kejutan yang lewat;user terimakasih oktrouble atas kejut lewat
52;@radenrauf Kok,, di gue cmn hitam doang? Gk ada warna lain kek Oktober ğŸ« â˜ºï¸;0;user kok di gue cmn hitam doang gk ada warna lain kek oktober;['user', 'kok', 'di', 'gue', 'cmn', 'hitam', 'doang', 'gk', 'ada', 'warna', 'lain', 'kek', 'oktober'];['user', 'kok', 'di', 'saya', 'cuma', 'hitam', 'saja', 'tidak', 'ada', 'warna', 'lain', 'kayak', 'oktober'];user kok di saya cuma hitam saja tidak ada warna lain kayak oktober;user kok saya cuma hitam tidak warna kayak oktober
53;"@itpeso @radenrauf Selamat ulang taun ka, sukses &amp; bahagia selalu â¤ï¸";0;user user selamat ulang taun ka sukses bahagia selalu;['user', 'user', 'selamat', 'ulang', 'taun', 'ka', 'sukses', 'bahagia', 'selalu'];['user', 'user', 'selamat', 'ulang', 'tahun', 'ka', 'sukses', 'bahagia', 'selalu'];user user selamat ulang tahun ka sukses bahagia selalu;user user selamat ulang tahun ka sukses bahagia selalu
54;Bener, semoga bulan selanjutnya lebih baik https://t.co/tVsEPx4lwS;0;bener semoga bulan selanjutnya lebih baik cotvsepx4lws;['bener', 'semoga', 'bulan', 'selanjutnya', 'lebih', 'baik', 'cotvsepx4lws'];['benar', 'semoga', 'bulan', 'selanjutnya', 'lebih', 'baik', 'cotvsepx4lws'];benar semoga bulan selanjutnya lebih baik cotvsepx4lws;benar moga bulan lanjut lebih baik cotvsepx4lws
55;"@radenrauf Byk pengalaman bagus n bermanfaat di bulan oktober â¤ï¸â˜ºï¸

https://t.co/ugJ98pxFydâ¤µï¸â¤µï¸ https://t.co/PJMUe2Umup";0;user byk pengalaman bagus bermanfaat di bulan oktober cougj98pxfyd copjmue2umup;['user', 'byk', 'pengalaman', 'bagus', 'bermanfaat', 'di', 'bulan', 'oktober', 'cougj98pxfyd', 'copjmue2umup'];['user', 'banyak', 'pengalaman', 'bagus', 'bermanfaat', 'di', 'bulan', 'oktober', 'cougj98pxfyd', 'copjmue2umup'];user banyak pengalaman bagus bermanfaat di bulan oktober cougj98pxfyd copjmue2umup;user banyak alam bagus manfaat bulan oktober cougj98pxfyd copjmue2umup
56;@radenrauf uda senin woi;0;user uda senin woi;['user', 'uda', 'senin', 'woi'];['user', 'sudah', 'senin', 'woi'];user sudah senin woi;user senin woi
57;@radenrauf banyak tangisnya daripada tawanya hehe;0;user banyak tangisnya daripada tawanya hehe;['user', 'banyak', 'tangisnya', 'daripada', 'tawanya', 'hehe'];['user', 'banyak', 'tangisnya', 'daripada', 'tawanya', 'hehe'];user banyak tangisnya daripada tawanya hehe;user banyak tangis tawa hehe
58;@radenrauf Oktober berasa banget menyedihkannya, sumpah asliğŸ˜­;0;user oktober berasa banget menyedihkannya sumpah asli;['user', 'oktober', 'berasa', 'banget', 'menyedihkannya', 'sumpah', 'asli'];['user', 'oktober', 'berasa', 'banget', 'menyedihkannya', 'sumpah', 'asli'];user oktober berasa banget menyedihkannya sumpah asli;user oktober asa banget sedih sumpah asli
59;@itpeso @radenrauf Selamat ulang tahun!! Hai ultah kita sama loh bulannya:));0;user user selamat ulang tahun hai ultah kita sama loh bulannya happy;['user', 'user', 'selamat', 'ulang', 'tahun', 'hai', 'ultah', 'kita', 'sama', 'loh', 'bulannya', 'happy'];['user', 'user', 'selamat', 'ulang', 'tahun', 'hai', 'ultah', 'kita', 'sama', 'loh', 'bulannya', 'happy'];user user selamat ulang tahun hai ultah kita sama loh bulannya happy;user user selamat ulang tahun hai ultah sama loh bulan happy
60;@radenrauf Udah butaa warna dah;0;user udah butaa warna dah;['user', 'udah', 'butaa', 'warna', 'dah'];['user', 'sudah', 'butaa', 'warna', 'sudah'];user sudah butaa warna sudah;user butaa warna
61;@radenrauf byee oktober plis november kalo gabisa baik jangan jadi jahat kek dia :);0;user byee oktober plis november kalo gabisa baik jangan jadi jahat kek dia happy;['user', 'byee', 'oktober', 'plis', 'november', 'kalo', 'gabisa', 'baik', 'jangan', 'jadi', 'jahat', 'kek', 'dia', 'happy'];['user', 'byee', 'oktober', 'mohon', 'november', 'kalau', 'gabisa', 'baik', 'jangan', 'jadi', 'jahat', 'kayak', 'dia', 'happy'];user byee oktober mohon november kalau gabisa baik jangan jadi jahat kayak dia happy;user byee oktober mohon november kalau gabisa baik jangan jadi jahat kayak happy
62;@radenrauf BESOK SELASA;0;user besok selasa;['user', 'besok', 'selasa'];['user', 'besok', 'selasa'];user besok selasa;user besok selasa
63;"@luvvvfly @radenrauf Makasih kakk ğŸ–¤
Seneng banget, terharuu :'))";0;user user makasih kakk seneng banget terharuu;['user', 'user', 'makasih', 'kakk', 'seneng', 'banget', 'terharuu'];['user', 'user', 'makasih', 'kakk', 'senang', 'banget', 'terharuu'];user user makasih kakk senang banget terharuu;user user makasih kakk senang banget terharuu
64;@radenrauf Apaan kelabu semua;0;user apaan kelabu semua;['user', 'apaan', 'kelabu', 'semua'];['user', 'apaan', 'kelabu', 'semua'];user apaan kelabu semua;user apa kelabu semua
65;@xxxkoso1 @radenrauf Makasih kak ğŸ–¤;0;user user makasih kak;['user', 'user', 'makasih', 'kak'];['user', 'user', 'makasih', 'kak'];user user makasih kak;user user makasih kak
66;@radenrauf Berasa capeknya gk sih setiap bulan keknya capek aja tuh;0;user berasa capeknya gk sih setiap bulan keknya capek aja tuh;['user', 'berasa', 'capeknya', 'gk', 'sih', 'setiap', 'bulan', 'keknya', 'capek', 'aja', 'tuh'];['user', 'berasa', 'capeknya', 'tidak', 'sih', 'setiap', 'bulan', 'keknya', 'capek', 'saja', 'itu'];user berasa capeknya tidak sih setiap bulan keknya capek saja itu;user asa capek sih bulan kek capek itu
67;Akhir oktober ku ditutup dengan pagi senin yang plot twist ğŸ˜‚ https://t.co/8n6o9MST5f;0;akhir oktober ku ditutup dengan pagi senin yang plot twist co8n6o9mst5f;['akhir', 'oktober', 'ku', 'ditutup', 'dengan', 'pagi', 'senin', 'yang', 'plot', 'twist', 'co8n6o9mst5f'];['akhir', 'oktober', 'ku', 'ditutup', 'dengan', 'pagi', 'senin', 'yang', 'plot', 'twist', 'co8n6o9mst5f'];akhir oktober ku ditutup dengan pagi senin yang plot twist co8n6o9mst5f;akhir oktober ku tutup pagi senin plot twist co8n6o9mst5f
68;berasa banget tangisan nya https://t.co/es3nFzq8yR;0;berasa banget tangisan nya coes3nfzq8yr;['berasa', 'banget', 'tangisan', 'nya', 'coes3nfzq8yr'];['berasa', 'banget', 'tangisan', 'nya', 'coes3nfzq8yr'];berasa banget tangisan nya coes3nfzq8yr;asa banget tangis nya coes3nfzq8yr
69;Banget, asli haha https://t.co/0tUOJHHvdR;1;banget asli haha co0tuojhhvdr;['banget', 'asli', 'haha', 'co0tuojhhvdr'];['banget', 'asli', 'haha', 'co0tuojhhvdr'];banget asli haha co0tuojhhvdr;banget asli haha co0tuojhhvdr
70;@radenrauf Tempat Parkir;0;user tempat parkir;['user', 'tempat', 'parkir'];['user', 'tempat', 'parkir'];user tempat parkir;user tempat parkir
71;@radenrauf Parkiran;0;user parkiran;['user', 'parkiran'];['user', 'parkiran'];user parkiran;user parkir
72;@radenrauf Berasa encok nya;0;user berasa encok nya;['user', 'berasa', 'encok', 'nya'];['user', 'berasa', 'encok', 'nya'];user berasa encok nya;user asa encok nya
73;@radenrauf Terimakasih Oktober,,,,;0;user terimakasih oktober;['user', 'terimakasih', 'oktober'];['user', 'terimakasih', 'oktober'];user terimakasih oktober;user terimakasih oktober
74;@radenrauf aseli berasa bgt;0;user aseli berasa bgt;['user', 'aseli', 'berasa', 'bgt'];['user', 'aseli', 'berasa', 'banget'];user aseli berasa banget;user aseli asa banget
75;ga asik. bye https://t.co/9SWpjDa1Gv;0;ga asik bye co9swpjda1gv;['ga', 'asik', 'bye', 'co9swpjda1gv'];['tidak', 'asyik', 'bye', 'co9swpjda1gv'];tidak asyik bye co9swpjda1gv;asyik bye co9swpjda1gv
76;@radenrauf iya warnaa;0;user iya warnaa;['user', 'iya', 'warnaa'];['user', 'iya', 'warnaa'];user iya warnaa;user iya warnaa
77;Kok yang aku putih aja https://t.co/OH17thfbWf;0;kok yang aku putih aja cooh17thfbwf;['kok', 'yang', 'aku', 'putih', 'aja', 'cooh17thfbwf'];['kok', 'yang', 'aku', 'putih', 'saja', 'cooh17thfbwf'];kok yang aku putih saja cooh17thfbwf;kok aku putih cooh17thfbwf
78;@radenrauf bersyukur ajaa bisa ngelewatin oktober, walaupun kalo abis main bareng senengnya minta ampun eh sampe rumah diem dieman lagi;1;user bersyukur ajaa bisa ngelewatin oktober walaupun kalo abis main bareng senengnya minta ampun eh sampe rumah diem dieman lagi;['user', 'bersyukur', 'ajaa', 'bisa', 'ngelewatin', 'oktober', 'walaupun', 'kalo', 'abis', 'main', 'bareng', 'senengnya', 'minta', 'ampun', 'eh', 'sampe', 'rumah', 'diem', 'dieman', 'lagi'];['user', 'bersyukur', 'ajaa', 'bisa', 'ngelewatin', 'oktober', 'walaupun', 'kalau', 'setelah', 'main', 'bareng', 'senengnya', 'minta', 'ampun', 'eh', 'sampai', 'rumah', 'diam', 'disayangkan', 'lagi'];user bersyukur ajaa bisa ngelewatin oktober walaupun kalau setelah main bareng senengnya minta ampun eh sampai rumah diam disayangkan lagi;user syukur ajaa ngelewatin oktober walaupun kalau main bareng neng minta ampun eh rumah diam sayang
79;@radenrauf Parkiran;0;user parkiran;['user', 'parkiran'];['user', 'parkiran'];user parkiran;user parkir
80;@radenrauf Betul ..kopi pagi ..biar semangat ..slm sehat slalu ...;0;user betul kopi pagi biar semangat slm sehat slalu;['user', 'betul', 'kopi', 'pagi', 'biar', 'semangat', 'slm', 'sehat', 'slalu'];['user', 'betul', 'kopi', 'pagi', 'biar', 'semangat', 'slm', 'sehat', 'selalu'];user betul kopi pagi biar semangat slm sehat selalu;user betul kopi pagi biar semangat slm sehat selalu
81;@radenrauf pikiran;0;user pikiran;['user', 'pikiran'];['user', 'pikiran'];user pikiran;user pikir
82;@radenrauf berasa trouble nyağŸ˜‚;-1;user berasa trouble nya;['user', 'berasa', 'trouble', 'nya'];['user', 'berasa', 'trouble', 'nya'];user berasa trouble nya;user asa trouble nya
83;@radenrauf Yes, hari nggak gw suka;0;user yes hari nggak gw suka;['user', 'yes', 'hari', 'nggak', 'gw', 'suka'];['user', 'yes', 'hari', 'nggak', 'saya', 'suka'];user yes hari nggak saya suka;user yes hari saya suka
84;@radenrauf Permisi kak met pagiii~ barangkali ada yang membutuhkan, bisa ya tarot reading di akuu~ bisa dicek detaiâ€¦ https://t.co/MG0nSBza3Z;0;user permisi kak met pagiii barangkali ada yang membutuhkan bisa ya tarot reading di akuu bisa dicek detai comg0nsbza3z;['user', 'permisi', 'kak', 'met', 'pagiii', 'barangkali', 'ada', 'yang', 'membutuhkan', 'bisa', 'ya', 'tarot', 'reading', 'di', 'akuu', 'bisa', 'dicek', 'detai', 'comg0nsbza3z'];['user', 'permisi', 'kak', 'met', 'pagiii', 'barangkali', 'ada', 'yang', 'membutuhkan', 'bisa', 'iya', 'tarot', 'reading', 'di', 'akuu', 'bisa', 'dicek', 'detai', 'comg0nsbza3z'];user permisi kak met pagiii barangkali ada yang membutuhkan bisa iya tarot reading di akuu bisa dicek detai comg0nsbza3z;user permisi kak met pagiii barangkali yang butuh iya tarot reading akuu cek detai comg0nsbza3z
85;@radenrauf Setujuuuu;0;user setujuuuu;['user', 'setujuuuu'];['user', 'setujuuuu'];user setujuuuu;user setujuuuu
86;@radenrauf makasih oktober yang flat flat aja;-1;user makasih oktober yang flat flat aja;['user', 'makasih', 'oktober', 'yang', 'flat', 'flat', 'aja'];['user', 'makasih', 'oktober', 'yang', 'flat', 'flat', 'saja'];user makasih oktober yang flat flat saja;user makasih oktober flat flat
87;@radenrauf SIAP GAS #DGcon2022;0;user siap gas hashtag gcon 2022 hashtag;['user', 'siap', 'gas', 'hashtag', 'gcon', '2022', 'hashtag'];['user', 'siap', 'gas', 'hashtag', 'gcon', '2022', 'hashtag'];user siap gas hashtag gcon 2022 hashtag;user siap gas hashtag gcon 2022 hashtag
88;Berasa stressnya https://t.co/jdWwuk84XC;0;berasa stressnya cojdwwuk84xc;['berasa', 'stressnya', 'cojdwwuk84xc'];['berasa', 'stressnya', 'cojdwwuk84xc'];berasa stressnya cojdwwuk84xc;asa stressnya cojdwwuk84xc
89;@itpeso @radenrauf selamat ulang tahun Kak, selamat berbahagia sehat dan semoga sukses lancar Dunia Akhirat! Bulanâ€¦ https://t.co/vJdWuZniyx;0;user user selamat ulang tahun kak selamat berbahagia sehat dan semoga sukses lancar dunia akhirat bulan covjdwuzniyx;['user', 'user', 'selamat', 'ulang', 'tahun', 'kak', 'selamat', 'berbahagia', 'sehat', 'dan', 'semoga', 'sukses', 'lancar', 'dunia', 'akhirat', 'bulan', 'covjdwuzniyx'];['user', 'user', 'selamat', 'ulang', 'tahun', 'kak', 'selamat', 'berbahagia', 'sehat', 'dan', 'semoga', 'sukses', 'lancar', 'dunia', 'akhirat', 'bulan', 'covjdwuzniyx'];user user selamat ulang tahun kak selamat berbahagia sehat dan semoga sukses lancar dunia akhirat bulan covjdwuzniyx;user user selamat ulang tahun kak selamat bahagia sehat moga sukses lancar dunia akhirat bulan covjdwuzniyx
90;@radenrauf Oktober ku indah bgt haha;1;user oktober ku indah bgt haha;['user', 'oktober', 'ku', 'indah', 'bgt', 'haha'];['user', 'oktober', 'ku', 'indah', 'banget', 'haha'];user oktober ku indah banget haha;user oktober ku indah banget haha
91;@radenrauf Drama di Bln Oktober makasih https://t.co/CIB0GCQHH2;0;user drama di bln oktober makasih cocib0gcqhh2;['user', 'drama', 'di', 'bln', 'oktober', 'makasih', 'cocib0gcqhh2'];['user', 'drama', 'di', 'bulan', 'oktober', 'makasih', 'cocib0gcqhh2'];user drama di bulan oktober makasih cocib0gcqhh2;user drama bulan oktober makasih cocib0gcqhh2
92;@radenrauf parkiran sih kayanya;0;user parkiran sih kayanya;['user', 'parkiran', 'sih', 'kayanya'];['user', 'parkiran', 'sih', 'kayanya'];user parkiran sih kayanya;user parkir sih kaya
93;@radenrauf Kak, apa bener ya cowok kalo pas pacaran dan dia ga posesif itu artinya gak serius ?;0;user kak apa bener ya cowok kalo pas pacaran dan dia ga posesif itu artinya gak serius;['user', 'kak', 'apa', 'bener', 'ya', 'cowok', 'kalo', 'pas', 'pacaran', 'dan', 'dia', 'ga', 'posesif', 'itu', 'artinya', 'gak', 'serius'];['user', 'kak', 'apa', 'benar', 'iya', 'cowok', 'kalau', 'cocok', 'pacaran', 'dan', 'dia', 'tidak', 'posesif', 'itu', 'artinya', 'tidak', 'serius'];user kak apa benar iya cowok kalau cocok pacaran dan dia tidak posesif itu artinya tidak serius;user kak apa benar iya cowok kalau cocok pacar dia posesif arti serius
94;@radenrauf di injek;0;user di injek;['user', 'di', 'injek'];['user', 'di', 'injek'];user di injek;user injek
95;@radenrauf Tunggu ya bntr lagi nyusul https://t.co/CIB0GCRfwA;0;user tunggu ya bntr lagi nyusul cocib0gcrfwa;['user', 'tunggu', 'ya', 'bntr', 'lagi', 'nyusul', 'cocib0gcrfwa'];['user', 'tunggu', 'iya', 'bntr', 'lagi', 'nyusul', 'cocib0gcrfwa'];user tunggu iya bntr lagi nyusul cocib0gcrfwa;user tunggu iya bntr nyusul cocib0gcrfwa
96;@itpeso @radenrauf selamat bertambah usia kaka cantik, i feel youğŸ¥ºğŸ«¶ğŸ»;0;user user selamat bertambah usia kaka cantik feel you;['user', 'user', 'selamat', 'bertambah', 'usia', 'kaka', 'cantik', 'feel', 'you'];['user', 'user', 'selamat', 'bertambah', 'usia', 'kaka', 'cantik', 'feel', 'you'];user user selamat bertambah usia kaka cantik feel you;user user selamat tambah usia kaka cantik feel you
97;@radenrauf parkiran;0;user parkiran;['user', 'parkiran'];['user', 'parkiran'];user parkiran;user parkir
98;@radenrauf Insya Allah ...salam sehat slalu ...;0;user insya allah salam sehat slalu;['user', 'insya', 'allah', 'salam', 'sehat', 'slalu'];['user', 'insya', 'allah', 'salam', 'sehat', 'selalu'];user insya allah salam sehat selalu;user insya allah salam sehat selalu
99;@radenrauf Iya bg berasa banget, bahkan aku ultah aja gaada yg ngucapin sama sekali. Pdhl effort gua ke temen2 ajaâ€¦ https://t.co/LBDFv7ZyZ3;0;user iya bg berasa banget bahkan aku ultah aja gaada yg ngucapin sama sekali pdhl effort gua ke temen2 aja colbdfv7zyz3;['user', 'iya', 'bg', 'berasa', 'banget', 'bahkan', 'aku', 'ultah', 'aja', 'gaada', 'yg', 'ngucapin', 'sama', 'sekali', 'pdhl', 'effort', 'gua', 'ke', 'temen2', 'aja', 'colbdfv7zyz3'];['user', 'iya', 'bg', 'berasa', 'banget', 'bahkan', 'aku', 'ultah', 'saja', 'gaada', 'yang', 'ngucapin', 'sama', 'sekali', 'padahal', 'effort', 'saya', 'ke', 'temen2', 'saja', 'colbdfv7zyz3'];user iya bg berasa banget bahkan aku ultah saja gaada yang ngucapin sama sekali padahal effort saya ke temen2 saja colbdfv7zyz3;user iya bg asa banget bahkan aku ultah gaada ngucapin sama sekali padahal effort ke temen2 colbdfv7zyz3
