,Tweets
0,Tebak Lokasi https://t.co/3sRj9DLr9l
1,"Udah akhir Oktober aja.
Terima kasih ya Oktober atas warna warninya, berasa banget asli."
2,"Pengen gitu sekali kali mau tidur pikiran tenang.
Tapi mana bisaa, selalu aja pikiran kemana manaa."
3,"Kadang kadang Healing tak perlu liburan ke tempat yang jauh, hanya butuh istirahat sejenak, rebahan tanpa mengkhawa‚Ä¶ https://t.co/Ls7RBQUUBM"
4,BESOK SENIN
5,RT @sweat1308: @radenrauf Kesayangam ku https://t.co/IkfNLiks6d
6,RT @ichankuu: @radenrauf Ini kesayangan ku si ungu‚ù§Ô∏è https://t.co/ywVVSaOAcJ
7,"Sunmori sama kesayangan dulu. 
Ini kesayanganku, mana kesayangan kamu? https://t.co/2ZcI65xqH0"
8,Turut berduka atas Tragedi Itaewon :(((
9,"Gimana Malam Minggunya?
Happy?
Sad?
Complicated seperti biasa?
Capek ah?"
10,RT @yess_ade: Vidi lahh #TikTokForYouStage
11,"DEAR TWITTER, PLEASEE DO YOUR MAGIC!

Biro Jodoh Love Story dimulai!!! 

Temukan jodoh untuk jomblo yang reply deng‚Ä¶ https://t.co/k3Auvgn4F3"
12,"GIVEAWAY!

Malem minggu mending kita nonton #TikTokForYouStage gaes! https://t.co/pyrZA2VYlM
Ada ada PSY, Slank, JK‚Ä¶ https://t.co/iqc6blrd4o"
13,"GIVEAWAY!
Mau bagi-bagi lagi 1 JUTA buat kalian nih. 
RT dulu tweet ini sama RT tweet setelah ini.

Sekarang reply‚Ä¶ https://t.co/VclM9GgGba"
14,"Stop doubting yourself, you're good!"
15,"Mungkin sekarang terasa sakit, tapi nanti ada saatnya kamu akan menengok ke belakang dan sadar bahwa ini semua yang menguatkan kamu."
16,"Malam ini Malam Minggu, apa rencana menarikmu?
Pasti ada dong."
17,"Tidak semua orang mendapatkan kesempatan yang sama seperti apa yang kamu dapat, banyak banyak bersyukur."
18,"Ga ngerayain Halloween, hidupnya udah serem. 
Sad :("
19,"GIVEAWAY!!!! 

Gua mau bagi 1JUTA buat 5 orang! (200rb/orang)
Buat meramaikan acara #DGCon2022 nih gaes yang seru b‚Ä¶ https://t.co/fdPjjIL06b"
20,"GIVEAWAY!

Gua mau bagi-bagi 1JUTA nih.

RT dulu tweet ini dan RT tweet setelah ini yak.

Sekarang reply dulu yang‚Ä¶ https://t.co/wWkjJn5y7f"
21,"Pelan pelan, semua butuh proses."
22,"Ada kalanya kita butuh menerima, bukan berarti menyerah dan tak lagi mau berusaha, tapi belajar ikhlas atas ketentuan Tuhan."
23,"Sometimes it's okay not to be okay, just let it be."
24,"BESOK WEEKEND!
KAMU BERHAK BERSENANG SENANG!"
25,@ardibhironx Y
26,"Jangan cuma mau didengar, tapi cobalah untuk menjadi pendengar yang baik juga."
27,"Bisa jadi saat ini perjalanan hidup kamu bukan tentang cinta cintaan, tapi tentang memprioritaskan diri kamu sendir‚Ä¶ https://t.co/RIk2UYvyd7"
28,"Ya Allah semoga sisa Oktober penuh berkah, aamiin."
29,"Hari Jumat hari baik, semoga hari ini penuh dengan kabar baik.
Tetap jadi orang baik ya."
30,"Udah terlanjur nyaman, sayang sama orang, tapi bingung dia beneran serius apa main main doang.

Nih tanda kalau dia‚Ä¶ https://t.co/NAlYo1lP2O"
31,Kadang emang kita perlu sadar diri kalau kita tidak sepenting itu di mata dia :)
32,"Gausah caritau apa yang seharusnya kita gatau, untuk hidup yang lebih tenang."
33,"Jadi dewasa itu tentang menerima, banyak banyak belajar ikhlas."
34,"Ya namanya juga hidup, ada yang datang ada yang pergi.
Jadi selagi ada ya dijaga baik baik aja."
35,"Baik baik ya Oktober, tinggal beberapa hari lagi nih. 
Please kerjasamanya."
36,Cobalah lebih menghargai diri sendiri juga ya.
37,"Kamu tidak perlu menjelaskan siapa dirimu kepada semua orang.
Tetap jadi orang baik aja ya."
38,RT @eskopi_dingin: Bahagia atau engganya tergantung bagaimana kita bisa mensyukuri apa yg kita punya om
39,RT @lhmfathur: Pertanyaan yang simple tapi belum tentu semua orang bisa menjawabnya
40,"RT @nanav1013: Karena bahagia itu pilihan, saya memilih untuk berusaha bahagia‚ò∫Ô∏è"
41,"Sebuah pertanyaan.
Kamu udah bahagia belum?"
42,"Jadi orang baik itu baik, tapi jangan terlalu baik, harus tetap bisa tegas."
43,"Jangan lupa bersyukur, Allah udah baik banget.
Nanti juga nikmatnya ditambah, insya Allah."
44,RT @apalagiyaih: mau nonton yuk temeniinüôÇ
45,"Tidur, hati dan pikiranmu butuh istirahat juga."
46,"Selamat masing masing dapet cepek:
@evayulianiii 
@ganjarvibooy 
@Sulistinaaaaa 

Cek DM"
47,"Tetaplah baik ke siapapun, karena kita tidak pernah tau pertolongan dan rejeki datang darimana, bisa jadi datang da‚Ä¶ https://t.co/QWcae4wULm"
48,"Giveaway singkat ah, ada 300ribu nih bagi 3 cepek cepek. Diumumin ntar malem.
RT tweet ini dan RT tweet sebelum ini‚Ä¶ https://t.co/bpKhWh9B0K"
49,"Anti ribet sih pake #GalaxyTabS8 ultra 5G bikin konten makin gampang.
Bayangin aj buka 3 apps sekaligus smooth bgt‚Ä¶ https://t.co/eZOjgR1CST"
50,"Whatsapp down, hatimu jangan."
51,"Whatsapp error ga error juga ga ada chat masuk juga, gausah sok kaget. üòå"
52,"Lagian udah dikasih tau juga, berharap ko ke manusia, banyak kecewanya."
53,"Kamu sadar ga, kecewa yang paling sakit itu justru datangnya dari orang terdekat."
54,"Yak dipendem terus pendem terus entar meledak, kebiasaan."
55,Makan malam di Bandung yang enak enak seru di mana ya?
56,RT @syhnotfound: Minat kereta tu
57,RT @PSeptianggraeni: Sini bang buka puasa di Jepang
58,"Bosen nih, buka puasa di Bandung ah. https://t.co/v0kJ3UH1aP"
59,"Cobalah sesekali tuh sampaikan apa yang kamu rasain, sampaikan apa yang kamu pengen, jangan ngalah terus.
Orang lai‚Ä¶ https://t.co/5wew9JUTsf"
60,"Semoga Seninmu menyenangkan ya,  meskipun kebanyakan tidak."
61,"Selamat buat para pemenang giveaway dari @GrabID ya!
@fairyjin23 @myjksaa @nafezaa12 @owalahmon @anggretaz

cek DM!‚Ä¶ https://t.co/LNbkUDnz5P"
62,"Kenapa ko belum tidur?
Mikirin apa si?"
63,Diem diem diem nangis.
64,Diem diem diem kangen.
65,BESOK SENIN
66,"Hargai dia yang selalu ada, jangan lupa."
67,"Bahagia bukan tentang mendapatkan apa yang kita mau, tapi lebih ke bersyukur dan menghargai apa yang sudah kita miliki."
68,"RT @just_peopleeeee: Dapet dong, dapet hikmahnya"
69,RT @Hsn_msthf: @radenrauf Malming = Latihan https://t.co/pFXXcPpTnc
70,RT @nitahura: @radenrauf Sendiri jg jd https://t.co/qH9Sgmghas
71,"Gimana Malam Minggunya?
Dapet?"
72,"RT @sibontotrawet: @radenrauf Bismillah
Bentar lagi 2023

#LoveStory https://t.co/DONNSWndSK"
73,"RT @merrynblla: @radenrauf Yo ndak mampu.. Saingane karo sik perawatan, sobo cafe, apalah dayaku sing full rebahan+jajan üòÇ #lovestory https‚Ä¶"
74,"RT @aahnitta: @radenrauf bulan ini full hujan, kalo yg full mencintaimu itu aku hehe

#LoveStory https://t.co/7WwERxX30O"
75,"RT @yrenjuniee: @radenrauf info portal anime ygy

#LoveStory https://t.co/Ix2dZTgLfY"
76,"DEAR TWITTER, PLEASEE DO YOUR MAGIC!

Biro Jodoh Love Story dimulai!!! 

Temukan jodoh untuk jomblo yang reply deng‚Ä¶ https://t.co/FzUl5tJLCA"
77,"Kalau masih pacaran mendingan nabung masing masing dulu aja drpd nabung bareng, terus hindari utang mengutang sama‚Ä¶ https://t.co/HqFLWaXugf"
78,RT @0xmalmingan: Hujan gini om mendung di rumah aja
79,RT @eshaloveyou: nangis
80,"Malam ini Malam Minggu, apa rencana menarikmu?
Pasti ada dong ya kan ya dong"
81,RT @owalahmon: Sikap dia.
82,RT @amyourss_: kisah cintaku ahaha
83,"Awalnya manis banget, akhirnya pait banget.
Apa?"
84,"Selamat dapet cepek cepek:
@jiaelaah 
@Hijrahber 

Cek dm ya."
85,"If we never try, how will we know ~"
86,"Giveaway singkat ah, ada 200rb nih bagi 2 cepek cepek, diumumin ntar jam 12 malem, RT tweet ini dan RT tweet sebelu‚Ä¶ https://t.co/sTgfWfxD2V"
87,"Nah ini nih yang gua tunggu-tunggu! Soalnya kemarin pas nonton di bioskop, banyak banget detail teka-teki yang gua‚Ä¶ https://t.co/zAui5gZYDU"
88,"Nanti, bakal ada waktunya giliran kamu, sabar ya, jangan menyerah sekarang, hari hari terbaikmu belum datang."
89,"Kamu bisa bertahan sampai sejauh ini aja udah hebat.
Kamu harusnya bangga sama diri kamu sendiri."
90,"RT @SyavikaIntan: @radenrauf benul bwang, semenjak mengenal cinta jadi agak bego dikit"
91,RT @ecucusmi: @radenrauf Bismillah janji bisa ketawa tanpa beban lagi tapi gatau kapan
92,Janji bisa happy lagi?
93,Kayaknya kamu dulu lebih happy deh.
94,"Gapapa ko kalau kamu kangen dia, ga dosa. 
Cuma ya gimana mau ketemunya, hhe"
95,BESOK WEEKEND. KAMU BERHAK BERSENANG SENANG.
96,"Hari Jumat hari baik. Semoga segala urusan baik dimudahkan dan semoga banyak kabar baik datang.

Tetap jadi orang baik ya."
97,RT @halcyonbbee: @radenrauf tetap kuat ya walaupun gapunya duitttüò¨üò¨
98,RT @supriyantoidola: Apa sih maunya ?
99,"Sadar, mau sampe kapan nunggu kepastian."
